,0
0,https://www.naukri.com/job-listings-senior-business-analyst-testingxperts-private-limited-chandigarh-hyderabad-secunderabad-bangalore-bengaluru-5-to-10-years-130921005078?src=jobsearchDesk&sid=16316993527792858&xp=1&px=1
1,https://www.naukri.com/job-listings-senior-business-analyst-ani-technologies-pvt-ltd-bangalore-bengaluru-4-to-7-years-130921000219?src=jobsearchDesk&sid=16316993527792858&xp=2&px=1
2,https://www.naukri.com/job-listings-business-analyst-g-s-e-commerce-pvt-ltd-bangalore-bengaluru-0-to-1-years-100921004954?src=jobsearchDesk&sid=16316993527792858&xp=3&px=1
3,https://www.naukri.com/job-listings-it-business-analyst-herbalife-int-india-pvt-ltd-bangalore-bengaluru-7-to-9-years-300421005273?src=jobsearchDesk&sid=16316993527792858&xp=4&px=1
4,https://www.naukri.com/job-listings-business-analyst-it-consultant-accrete-globus-technology-pvt-ltd-bangalore-bengaluru-delhi-ncr-1-to-4-years-140921009622?src=jobsearchDesk&sid=16316993527792858&xp=5&px=1
5,https://www.naukri.com/job-listings-business-analyst-it-contactpoint360-private-limited-kochi-cochin-gurgaon-gurugram-bangalore-bengaluru-3-to-8-years-080921004547?src=jobsearchDesk&sid=16316993527792858&xp=6&px=1
6,https://www.naukri.com/job-listings-conduent-is-looking-for-wfm-senior-manager-business-analyst-conduent-business-services-india-llp-bangalore-bengaluru-10-to-17-years-100921001331?src=jobsearchDesk&sid=16316993527792858&xp=7&px=1
7,https://www.naukri.com/job-listings-business-analyst-product-owner-gsn-consulting-hyderabad-secunderabad-pune-chennai-bangalore-bengaluru-delhi-ncr-mumbai-all-areas-6-to-11-years-140921603330?src=jobsearchDesk&sid=16316993527792858&xp=8&px=1
8,https://www.naukri.com/job-listings-business-analyst-product-owner-gsn-consulting-hyderabad-secunderabad-pune-chennai-bangalore-bengaluru-delhi-ncr-mumbai-all-areas-6-to-11-years-140921003328?src=jobsearchDesk&sid=16316993527792858&xp=9&px=1
9,https://www.naukri.com/job-listings-immediate-hiring-for-business-analyst-encora-technologies-pte-ltd-hyderabad-secunderabad-chennai-bangalore-bengaluru-6-to-10-years-140921009421?src=jobsearchDesk&sid=16316993527792858&xp=10&px=1
10,https://www.naukri.com/job-listings-business-analyst-usa-shift-girikon-solutions-girikon-solutions-pvt-ltd-noida-bangalore-bengaluru-3-to-6-years-130921002723?src=jobsearchDesk&sid=16316993527792858&xp=11&px=1
11,https://www.naukri.com/job-listings-technical-business-analyst-cba-services-private-limited-bangalore-bengaluru-5-to-10-years-140921500275?src=jobsearchDesk&sid=16316993527792858&xp=12&px=1
12,https://www.naukri.com/job-listings-hiring-for-accounting-business-analyst-profile-in-top-advisory-firm-rivera-manpower-services-bangalore-bengaluru-0-to-2-years-150921000895?src=jobsearchDesk&sid=16316993527792858&xp=13&px=1
13,https://www.naukri.com/job-listings-hiring-accounting-business-analyst-profile-in-top-consulting-firm-rivera-manpower-services-bangalore-bengaluru-0-to-2-years-140921000328?src=jobsearchDesk&sid=16316993527792858&xp=14&px=1
14,https://www.naukri.com/job-listings-hiring-process-executives-for-accounting-business-analyst-profile-rivera-manpower-services-bangalore-bengaluru-0-to-2-years-130921000267?src=jobsearchDesk&sid=16316993527792858&xp=15&px=1
15,https://www.naukri.com/job-listings-business-analyst-msg-global-solutions-bangalore-bengaluru-1-to-4-years-130921500574?src=jobsearchDesk&sid=16316993527792858&xp=16&px=1
16,https://www.naukri.com/job-listings-senior-business-analyst-sas-tableau-sas-analytics-kpo-huquo-consulting-pvt-ltd-bangalore-bengaluru-2-to-5-years-130921902703?src=jobsearchDesk&sid=16316993527792858&xp=17&px=1
17,https://www.naukri.com/job-listings-business-analyst-qlik-sense-podium-systems-pune-bangalore-bengaluru-8-to-11-years-150921901224?src=jobsearchDesk&sid=16316993527792858&xp=18&px=1
18,https://www.naukri.com/job-listings-business-analyst-only-immediate-joinee-tech-mahindra-ltd-pune-bangalore-bengaluru-mumbai-all-areas-5-to-7-years-150921002801?src=jobsearchDesk&sid=16316993527792858&xp=19&px=1
19,https://www.naukri.com/job-listings-immediate-openings-for-business-analyst-blockseed-consultancy-private-limited-indore-bangalore-bengaluru-2-to-5-years-140921009816?src=jobsearchDesk&sid=16316993527792858&xp=20&px=1
20,https://www.naukri.com/job-listings-associate-business-analyst-planning-novo-nordisk-centre-india-pvt-ltd-bangalore-bengaluru-4-to-6-years-140921006705?src=jobsearchDesk&sid=16316993800472118&xp=1&px=2
21,https://www.naukri.com/job-listings-business-analyst-spm-jobs-bangalore-bengaluru-3-to-5-years-130921500718?src=jobsearchDesk&sid=16316993800472118&xp=2&px=2
22,https://www.naukri.com/job-listings-business-analyst-sapiens-international-bangalore-bengaluru-6-to-11-years-130921500477?src=jobsearchDesk&sid=16316993800472118&xp=3&px=2
23,https://www.naukri.com/job-listings-business-analyst-phablecare-bangalore-bengaluru-2-to-5-years-060821006534?src=jobsearchDesk&sid=16316993800472118&xp=4&px=2
24,https://www.naukri.com/job-listings-business-analyst-data-analyst-idc-technologies-solutions-india-pvt-limited-hyderabad-secunderabad-chennai-bangalore-bengaluru-3-to-8-years-140921607077?src=jobsearchDesk&sid=16316993800472118&xp=5&px=2
25,https://www.naukri.com/job-listings-business-analyst-data-analyst-idc-technologies-solutions-india-pvt-limited-hyderabad-secunderabad-chennai-bangalore-bengaluru-3-to-8-years-140921007076?src=jobsearchDesk&sid=16316993800472118&xp=6&px=2
26,https://www.naukri.com/job-listings-business-analyst-novel-office-bangalore-bengaluru-0-to-3-years-051120003648?src=jobsearchDesk&sid=16316993800472118&xp=7&px=2
27,https://www.naukri.com/job-listings-business-analyst-permanent-wfh-aapna-infotech-aapna-infotheek-private-limited-pune-gurgaon-gurugram-bangalore-bengaluru-5-to-8-years-110921003462?src=jobsearchDesk&sid=16316993800472118&xp=8&px=2
28,https://www.naukri.com/job-listings-business-analyst-opteamix-bangalore-bengaluru-2-to-4-years-100921501097?src=jobsearchDesk&sid=16316993800472118&xp=9&px=2
29,https://www.naukri.com/job-listings-hexaware-technologies-hiring-guidewire-business-analyst-hexaware-technologies-ltd-pune-chennai-bangalore-bengaluru-mumbai-all-areas-6-to-11-years-090921005441?src=jobsearchDesk&sid=16316993800472118&xp=10&px=2
30,https://www.naukri.com/job-listings-business-analyst-rpa-hcl-technologies-limited-pune-chennai-bangalore-bengaluru-delhi-ncr-2-to-7-years-080921009804?src=jobsearchDesk&sid=16316993800472118&xp=11&px=2
31,https://www.naukri.com/job-listings-urgently-looking-for-immediate-joiners-for-business-analyst-tech-mahindra-ltd-kolkata-hyderabad-secunderabad-pune-ahmedabad-chennai-bangalore-bengaluru-delhi-ncr-mumbai-all-areas-5-to-8-years-080921007933?src=jobsearchDesk&sid=16316993800472118&xp=12&px=2
32,https://www.naukri.com/job-listings-sr-business-analyst-huron-bangalore-bengaluru-2-to-5-years-100921501851?src=jobsearchDesk&sid=16316993800472118&xp=13&px=2
33,https://www.naukri.com/job-listings-senior-business-analyst-sapiens-international-bangalore-bengaluru-3-to-6-years-080921500638?src=jobsearchDesk&sid=16316993800472118&xp=14&px=2
34,https://www.naukri.com/job-listings-principal-business-analyst-manhattan-associates-bangalore-bengaluru-4-to-10-years-090921501642?src=jobsearchDesk&sid=16316993800472118&xp=15&px=2
35,https://www.naukri.com/job-listings-clinical-business-analyst-bioclinica-bangalore-bengaluru-0-to-3-years-070921501366?src=jobsearchDesk&sid=16316993800472118&xp=16&px=2
36,https://www.naukri.com/job-listings-senior-business-analyst-synechron-bangalore-synechron-technologies-pvt-ltd-bangalore-bengaluru-7-to-12-years-020921005646?src=jobsearchDesk&sid=16316993800472118&xp=17&px=2
37,https://www.naukri.com/job-listings-senior-business-analyst-synechron-technologies-pvt-ltd-bangalore-bengaluru-7-to-12-years-060921004853?src=jobsearchDesk&sid=16316993800472118&xp=18&px=2
38,https://www.naukri.com/job-listings-business-analyst-business-analysis-photon-interactive-pvt-ltd-chennai-bangalore-bengaluru-6-to-11-years-120921000890?src=jobsearchDesk&sid=16316993800472118&xp=19&px=2
39,https://www.naukri.com/job-listings-business-analyst-endurance-international-group-india-pvt-ltd-mumbai-pune-bangalore-bengaluru-1-to-5-years-090921006351?src=jobsearchDesk&sid=16316993800472118&xp=20&px=2
40,https://www.naukri.com/job-listings-senior-business-analyst-analytics-consulting-tiger-analytics-tiger-analytics-india-llp-hyderabad-secunderabad-chennai-bangalore-bengaluru-2-to-5-years-280521001355?src=jobsearchDesk&sid=16316994175303951&xp=1&px=3
41,https://www.naukri.com/job-listings-hiring-process-executives-for-accounting-business-analyst-process-rivera-manpower-services-bangalore-bengaluru-0-to-2-years-090921000456?src=jobsearchDesk&sid=16316994175303951&xp=2&px=3
42,https://www.naukri.com/job-listings-hiring-process-associate-for-accounting-business-analyst-process-rivera-manpower-services-bangalore-bengaluru-0-to-2-years-080921001774?src=jobsearchDesk&sid=16316994175303951&xp=3&px=3
43,https://www.naukri.com/job-listings-engineer-business-analyst-ci-cardinal-health-bangalore-bengaluru-bangalore-0-to-0-years-070921906274?src=jobsearchDesk&sid=16316994175303951&xp=4&px=3
44,https://www.naukri.com/job-listings-mba-fresher-recruitment-s-associate-business-analyst-role-zeomega-infotech-pvt-ltd-bangalore-bengaluru-0-to-0-years-070921006611?src=jobsearchDesk&sid=16316994175303951&xp=5&px=3
45,https://www.naukri.com/job-listings-opening-for-business-analyst-bangalore-contract-based-varite-india-pvt-ltd-bangalore-bengaluru-0-to-2-years-010921603564?src=jobsearchDesk&sid=16316994175303951&xp=6&px=3
46,https://www.naukri.com/job-listings-senior-technical-business-analyst-cba-services-private-limited-bangalore-bengaluru-5-to-7-years-070921501100?src=jobsearchDesk&sid=16316994175303951&xp=7&px=3
47,https://www.naukri.com/job-listings-senior-business-systems-analyst-publicis-groupe-bangalore-bengaluru-5-to-9-years-130921500450?src=jobsearchDesk&sid=16316994175303951&xp=8&px=3
48,https://www.naukri.com/job-listings-hiring-for-t24-business-analyst-functional-product-analyst-bangalore-new-era-india-consultancy-pvt-ltd-bangalore-bengaluru-5-to-10-years-150921604025?src=jobsearchDesk&sid=16316994175303951&xp=9&px=3
49,https://www.naukri.com/job-listings-hiring-for-t24-business-analyst-functional-product-analyst-bangalore-new-era-india-consultancy-pvt-ltd-bangalore-bengaluru-5-to-10-years-150921004023?src=jobsearchDesk&sid=16316994175303951&xp=10&px=3
50,https://www.naukri.com/job-listings-business-analyst-iot-blue-ocean-catalyst-private-limited-bangalore-bengaluru-2-to-5-years-010921500022?src=jobsearchDesk&sid=16316994175303951&xp=11&px=3
51,https://www.naukri.com/job-listings-business-data-analyst-mortgage-exp-thoughtfocus-information-technologies-pvt-limited-bangalore-bengaluru-5-to-10-years-140921008902?src=jobsearchDesk&sid=16316994175303951&xp=12&px=3
52,https://www.naukri.com/job-listings-business-analyst-data-analyst-demand-planning-flipkart-internet-private-limited-bangalore-bengaluru-1-to-3-years-310821000331?src=jobsearchDesk&sid=16316994175303951&xp=13&px=3
53,https://www.naukri.com/job-listings-lead-business-analyst-scrum-master-secc-huron-bangalore-bengaluru-3-to-6-years-100921501846?src=jobsearchDesk&sid=16316994175303951&xp=14&px=3
54,https://www.naukri.com/job-listings-lead-business-analyst-india-healthcare-huron-bangalore-bengaluru-3-to-6-years-100921501845?src=jobsearchDesk&sid=16316994175303951&xp=15&px=3
55,https://www.naukri.com/job-listings-technical-business-analyst-encora-innovation-labs-india-pvt-ltd-pune-chennai-bangalore-bengaluru-5-to-10-years-040921003786?src=jobsearchDesk&sid=16316994175303951&xp=16&px=3
56,https://www.naukri.com/job-listings-business-analyst-it-project-coordinator-work-from-home-technowand-mumbai-bangalore-bengaluru-delhi-ncr-3-to-4-years-030921000238?src=jobsearchDesk&sid=16316994175303951&xp=17&px=3
57,https://www.naukri.com/job-listings-business-analyst-us-process-novel-office-bangalore-bengaluru-0-to-3-years-290619001242?src=jobsearchDesk&sid=16316994175303951&xp=18&px=3
58,https://www.naukri.com/job-listings-senior-business-analyst-sas-sql-huquo-consulting-pvt-ltd-bangalore-bengaluru-2-to-5-years-090921907965?src=jobsearchDesk&sid=16316994175303951&xp=19&px=3
59,https://www.naukri.com/job-listings-senior-business-analyst-sas-sql-banking-retail-domain-huquo-consulting-pvt-ltd-bangalore-bengaluru-2-to-5-years-090921901468?src=jobsearchDesk&sid=16316994175303951&xp=20&px=3
60,https://www.naukri.com/job-listings-senior-business-analyst-fmcd-serving-skill-bangalore-bengaluru-2-to-5-years-080921910790?src=jobsearchDesk&sid=16316994242772604&xp=1&px=4
61,https://www.naukri.com/job-listings-business-analyst-novo-nordisk-india-bangalore-bengaluru-5-to-10-years-090921501954?src=jobsearchDesk&sid=16316994242772604&xp=2&px=4
62,https://www.naukri.com/job-listings-associate-professional-business-analyst-dxc-technology-bangalore-bengaluru-1-to-4-years-310821501003?src=jobsearchDesk&sid=16316994242772604&xp=3&px=4
63,https://www.naukri.com/job-listings-business-analyst-business-intelligence-sap-bobj-tableau-sql-vmware-india-bangalore-bengaluru-4-to-6-years-100921501015?src=jobsearchDesk&sid=16316994242772604&xp=4&px=4
64,https://www.naukri.com/job-listings-business-analyst-destiny-hr-group-bangalore-bengaluru-1-to-6-years-100921500639?src=jobsearchDesk&sid=16316994242772604&xp=5&px=4
65,https://www.naukri.com/job-listings-urgent-opening-for-business-analyst-or-tech-m-kbc-info-com-kolkata-hyderabad-secunderabad-pune-ahmedabad-chennai-bangalore-bengaluru-delhi-ncr-mumbai-all-areas-4-to-8-years-100921001822?src=jobsearchDesk&sid=16316994242772604&xp=6&px=4
66,https://www.naukri.com/job-listings-associate-business-analyst-novo-nordisk-india-bangalore-bengaluru-3-to-5-years-090921501956?src=jobsearchDesk&sid=16316994242772604&xp=7&px=4
67,https://www.naukri.com/job-listings-business-analyst-trade-finance-mumbai-chennai-banglore-rigved-technologies-private-limited-mumbai-chennai-bangalore-bengaluru-3-to-8-years-090921001540?src=jobsearchDesk&sid=16316994242772604&xp=8&px=4
68,https://www.naukri.com/job-listings-business-requirement-analysis-business-analyst-accenture-solutions-pvt-ltd-bangalore-bengaluru-6-to-8-years-080921907669?src=jobsearchDesk&sid=16316994242772604&xp=9&px=4
69,https://www.naukri.com/job-listings-business-analyst-payments-golden-opportunities-pvt-ltd-bangalore-bengaluru-8-to-13-years-080921905718?src=jobsearchDesk&sid=16316994242772604&xp=10&px=4
70,https://www.naukri.com/job-listings-business-analyst-logistics-golden-opportunities-pvt-ltd-pune-chennai-bangalore-bengaluru-7-to-12-years-080921902603?src=jobsearchDesk&sid=16316994242772604&xp=11&px=4
71,https://www.naukri.com/job-listings-business-analyst-natwest-group-bangalore-bengaluru-2-to-7-years-080921902107?src=jobsearchDesk&sid=16316994242772604&xp=12&px=4
72,https://www.naukri.com/job-listings-business-analyst-ba-pr-finwizard-technology-pvt-ltd-fisdom-bangalore-bengaluru-2-to-5-years-080921501265?src=jobsearchDesk&sid=16316994242772604&xp=13&px=4
73,https://www.naukri.com/job-listings-business-analyst-itc-infotech-india-ltd-bangalore-bengaluru-2-to-4-years-080921500525?src=jobsearchDesk&sid=16316994242772604&xp=14&px=4
74,https://www.naukri.com/job-listings-business-analyst-us-health-care-domain-in-bangalore-location-naukri-employer-services-bangalore-bengaluru-5-to-10-years-080921006532?src=jobsearchDesk&sid=16316994242772604&xp=15&px=4
75,https://www.naukri.com/job-listings-business-analyst-shell-india-markets-private-limited-bangalore-bengaluru-6-to-10-years-070921907064?src=jobsearchDesk&sid=16316994242772604&xp=16&px=4
76,https://www.naukri.com/job-listings-business-analyst-shell-india-markets-private-limited-bangalore-bengaluru-6-to-10-years-070921906917?src=jobsearchDesk&sid=16316994242772604&xp=17&px=4
77,https://www.naukri.com/job-listings-business-analyst-operations-ibm-india-pvt-limited-bengaluru-bangalore-1-to-4-years-070921901700?src=jobsearchDesk&sid=16316994242772604&xp=18&px=4
78,https://www.naukri.com/job-listings-professional-business-analyst-dxc-technology-bangalore-bengaluru-2-to-5-years-070921501535?src=jobsearchDesk&sid=16316994242772604&xp=19&px=4
79,https://www.naukri.com/job-listings-business-analyst-product-master-specialist-bangalore-immediate-tech-mahindra-ltd-bangalore-bengaluru-7-to-12-years-030921000347?src=jobsearchDesk&sid=16316994242772604&xp=20&px=4
80,https://www.naukri.com/job-listings-business-analyst-operations-ibm-india-pvt-limited-bengaluru-bangalore-5-to-7-years-020921901154?src=jobsearchDesk&sid=16316994542702079&xp=1&px=5
81,https://www.naukri.com/job-listings-senior-business-analyst-data-analytics-talent500-talent500-tech-india-private-limited-bangalore-bengaluru-3-to-5-years-020921003709?src=jobsearchDesk&sid=16316994542702079&xp=2&px=5
82,https://www.naukri.com/job-listings-pega-business-analyst-infosys-limited-bangalore-bengaluru-5-to-10-years-010921909095?src=jobsearchDesk&sid=16316994542702079&xp=3&px=5
83,https://www.naukri.com/job-listings-business-analyst-adm-ibm-india-pvt-limited-bengaluru-bangalore-6-to-8-years-010921908104?src=jobsearchDesk&sid=16316994542702079&xp=4&px=5
84,https://www.naukri.com/job-listings-business-analyst-adm-ibm-india-pvt-limited-bangalore-bengaluru-6-to-10-years-010921906628?src=jobsearchDesk&sid=16316994542702079&xp=5&px=5
85,https://www.naukri.com/job-listings-business-analyst-schneider-electric-india-pvt-ltd-bangalore-bengaluru-2-to-5-years-010921500193?src=jobsearchDesk&sid=16316994542702079&xp=6&px=5
86,https://www.naukri.com/job-listings-senior-business-analyst-otis-hyderabad-secunderabad-ahmedabad-bangalore-bengaluru-6-to-8-years-070921501435?src=jobsearchDesk&sid=16316994542702079&xp=7&px=5
87,https://www.naukri.com/job-listings-business-analyst-senior-execboardinasia-bangalore-bengaluru-5-to-10-years-070921500472?src=jobsearchDesk&sid=16316994542702079&xp=8&px=5
88,https://www.naukri.com/job-listings-associate-senior-associate-business-analyst-ttk-services-pvt-ltd-bangalore-bengaluru-3-to-4-years-060921500678?src=jobsearchDesk&sid=16316994542702079&xp=9&px=5
89,https://www.naukri.com/job-listings-senior-associate-business-analyst-pricewaterhouse-coopers-private-limited-bangalore-bengaluru-2-to-5-years-070921500123?src=jobsearchDesk&sid=16316994542702079&xp=10&px=5
90,https://www.naukri.com/job-listings-sr-analyst-data-reptg-business-analytics-empower-retirement-bangalore-bengaluru-2-to-6-years-140921500790?src=jobsearchDesk&sid=16316994542702079&xp=11&px=5
91,https://www.naukri.com/job-listings-business-analyst-ecommerce-domain-netquo-services-pvt-ltd-noida-mumbai-hyderabad-secunderabad-bangalore-bengaluru-4-to-9-years-301220905886?src=jobsearchDesk&sid=16316994542702079&xp=12&px=5
92,https://www.naukri.com/job-listings-business-analyst-sql-talent-stock-solutions-bangalore-bengaluru-3-to-6-years-260321908302?src=jobsearchDesk&sid=16316994542702079&xp=13&px=5
93,https://www.naukri.com/job-listings-fo-business-analyst-luxoft-bangalore-bengaluru-3-to-7-years-060921500970?src=jobsearchDesk&sid=16316994542702079&xp=14&px=5
94,https://www.naukri.com/job-listings-business-analyst-luxoft-bangalore-bengaluru-1-to-3-years-060921500968?src=jobsearchDesk&sid=16316994542702079&xp=15&px=5
95,https://www.naukri.com/job-listings-business-analyst-liquidity-risk-societe-generale-global-solution-centre-pvt-ltd-bangalore-bengaluru-2-to-5-years-020921902154?src=jobsearchDesk&sid=16316994542702079&xp=16&px=5
96,https://www.naukri.com/job-listings-digital-business-analyst-sr-business-analyst-analytics-confidential-hyderabad-secunderabad-faridabad-gurgaon-gurugram-bangalore-bengaluru-1-to-5-years-310821903730?src=jobsearchDesk&sid=16316994542702079&xp=17&px=5
97,https://www.naukri.com/job-listings-digital-business-analyst-sr-business-analyst-analytics-confidential-hyderabad-secunderabad-faridabad-gurgaon-gurugram-bangalore-bengaluru-1-to-5-years-010921901178?src=jobsearchDesk&sid=16316994542702079&xp=18&px=5
98,https://www.naukri.com/job-listings-senior-business-analyst-payments-domain-new-era-india-bangalore-bengaluru-4-to-9-years-020921908798?src=jobsearchDesk&sid=16316994542702079&xp=19&px=5
99,https://www.naukri.com/job-listings-salesforce-business-analyst-jeevan-technologies-india-pvt-ltd-hyderabad-secunderabad-chennai-bangalore-bengaluru-5-to-10-years-140921006061?src=jobsearchDesk&sid=16316994542702079&xp=20&px=5
100,https://www.naukri.com/job-listings-business-analyst-mentric-technologies-bangalore-bengaluru-1-to-3-years-140921002808?src=jobsearchDesk&sid=16316994667927569&xp=1&px=6
101,https://www.naukri.com/job-listings-opportunity-in-business-analyst-freight-forwarding-marketplace-kale-logistics-solutions-pvt-ltd-hyderabad-secunderabad-chennai-bangalore-bengaluru-delhi-ncr-mumbai-all-areas-4-to-9-years-100720000679?src=jobsearchDesk&sid=16316994667927569&xp=2&px=6
102,https://www.naukri.com/job-listings-great-opportunity-with-our-company-for-business-analyst-manuh-solutions-india-private-limited-bangalore-bengaluru-3-to-5-years-020921007758?src=jobsearchDesk&sid=16316994667927569&xp=3&px=6
103,https://www.naukri.com/job-listings-hiring-for-business-analyst-examroom-ai-bangalore-bengaluru-3-to-8-years-310821007128?src=jobsearchDesk&sid=16316994667927569&xp=4&px=6
104,https://www.naukri.com/job-listings-business-analyst-intertrust-group-mumbai-bangalore-bengaluru-2-to-7-years-160121002571?src=jobsearchDesk&sid=16316994667927569&xp=5&px=6
105,https://www.naukri.com/job-listings-business-analyst-input-zero-technologies-pvt-ltd-pune-gurgaon-gurugram-bangalore-bengaluru-2-to-5-years-060921003279?src=jobsearchDesk&sid=16316994667927569&xp=6&px=6
106,https://www.naukri.com/job-listings-business-analyst-work-from-home-debutante-systems-private-limited-hyderabad-secunderabad-chennai-bangalore-bengaluru-3-to-5-years-040921004633?src=jobsearchDesk&sid=16316994667927569&xp=7&px=6
107,https://www.naukri.com/job-listings-business-analyst-risk-management-ctrm-trading-risk-management-irely-soft-services-india-pvt-ltd-bangalore-bengaluru-3-to-8-years-030921004508?src=jobsearchDesk&sid=16316994667927569&xp=8&px=6
108,https://www.naukri.com/job-listings-technical-business-analyst-rpa-rpasoft-private-limited-bangalore-bengaluru-5-to-10-years-290721004335?src=jobsearchDesk&sid=16316994667927569&xp=9&px=6
109,https://www.naukri.com/job-listings-it-business-analyst-finance-domain-prime-infosoft-bangalore-bengaluru-4-to-7-years-040621904504?src=jobsearchDesk&sid=16316994667927569&xp=10&px=6
110,https://www.naukri.com/job-listings-mega-hiring-for-accounting-process-business-analyst-profile-rivera-manpower-services-bangalore-bengaluru-0-to-2-years-070921000536?src=jobsearchDesk&sid=16316994667927569&xp=11&px=6
111,https://www.naukri.com/job-listings-top-mnc-firm-hiring-for-accounting-process-business-analyst-profile-rivera-manpower-services-bangalore-bengaluru-0-to-2-years-060921000324?src=jobsearchDesk&sid=16316994667927569&xp=12&px=6
112,https://www.naukri.com/job-listings-business-system-analyst-talent21-management-shared-services-private-limited-bangalore-bengaluru-5-to-10-years-130921500594?src=jobsearchDesk&sid=16316994667927569&xp=13&px=6
113,https://www.naukri.com/job-listings-lead-business-analyst-data-analytics-talent500-talent500-tech-india-private-limited-bangalore-bengaluru-6-to-9-years-020921003669?src=jobsearchDesk&sid=16316994667927569&xp=14&px=6
114,https://www.naukri.com/job-listings-business-analyst-sas-reporting-consulting-firm-huquo-consulting-pvt-ltd-bangalore-bengaluru-3-to-5-years-090921906893?src=jobsearchDesk&sid=16316994667927569&xp=15&px=6
115,https://www.naukri.com/job-listings-business-analyst-promotup-hr-solutions-bangalore-bengaluru-4-to-8-years-090921901030?src=jobsearchDesk&sid=16316994667927569&xp=16&px=6
116,https://www.naukri.com/job-listings-business-data-analyst-trigent-software-private-limited-bangalore-bengaluru-5-to-10-years-080921602383?src=jobsearchDesk&sid=16316994667927569&xp=17&px=6
117,https://www.naukri.com/job-listings-business-data-analyst-trigent-software-private-limited-bangalore-bengaluru-5-to-10-years-080921002381?src=jobsearchDesk&sid=16316994667927569&xp=18&px=6
118,https://www.naukri.com/job-listings-senior-analyst-azure-bi-business-intelligence-execboardinasia-bangalore-bengaluru-5-to-10-years-110921500505?src=jobsearchDesk&sid=16316994667927569&xp=19&px=6
119,https://www.naukri.com/job-listings-business-sys-analysis-senior-analyst-ntt-global-delivery-services-limited-bangalore-bengaluru-3-to-6-years-080921500372?src=jobsearchDesk&sid=16316994667927569&xp=20&px=6
120,https://www.naukri.com/job-listings-senior-business-analyst-payments-domain-new-era-india-bangalore-bengaluru-10-to-15-years-020921908615?src=jobsearchDesk&sid=16316994776773056&xp=1&px=7
121,https://www.naukri.com/job-listings-business-analyst-senior-business-analyst-sas-support-huquo-consulting-pvt-ltd-bangalore-bengaluru-2-to-4-years-170920903625?src=jobsearchDesk&sid=16316994776773056&xp=2&px=7
122,https://www.naukri.com/job-listings-senior-business-analyst-bpmn-uml-huquo-consulting-pvt-ltd-gurgaon-gurugram-bangalore-bengaluru-5-to-9-years-310821903323?src=jobsearchDesk&sid=16316994776773056&xp=3&px=7
123,https://www.naukri.com/job-listings-senior-business-analyst-sas-sql-banking-retail-domain-huquo-consulting-pvt-ltd-bangalore-bengaluru-2-to-5-years-291220902139?src=jobsearchDesk&sid=16316994776773056&xp=4&px=7
124,https://www.naukri.com/job-listings-business-analyst-fintech-domain-experience-spm-hr-solutions-bangalore-bengaluru-3-to-5-years-090921602502?src=jobsearchDesk&sid=16316994776773056&xp=5&px=7
125,https://www.naukri.com/job-listings-business-analyst-project-manager-mytech-global-private-limited-bangalore-bengaluru-5-to-6-years-080921604130?src=jobsearchDesk&sid=16316994776773056&xp=6&px=7
126,https://www.naukri.com/job-listings-business-analyst-rekrut-india-private-limited-bangalore-bengaluru-2-to-7-years-080921003375?src=jobsearchDesk&sid=16316994776773056&xp=7&px=7
127,https://www.naukri.com/job-listings-senior-business-analyst-analytics-firm-huquo-consulting-pvt-ltd-bangalore-bengaluru-3-to-6-years-080121901274?src=jobsearchDesk&sid=16316994776773056&xp=8&px=7
128,https://www.naukri.com/job-listings-business-analyst-senior-business-analyst-mis-reporting-vba-huquo-consulting-pvt-ltd-bangalore-bengaluru-3-to-5-years-070621903378?src=jobsearchDesk&sid=16316994776773056&xp=9&px=7
129,https://www.naukri.com/job-listings-senior-business-analyst-model-validation-kpo-huquo-consulting-pvt-ltd-gurgaon-gurugram-delhi-ncr-bangalore-bengaluru-3-to-5-years-060721902525?src=jobsearchDesk&sid=16316994776773056&xp=10&px=7
130,https://www.naukri.com/job-listings-senior-business-analyst-retail-analytics-kpo-huquo-consulting-pvt-ltd-gurgaon-gurugram-delhi-ncr-bangalore-bengaluru-2-to-4-years-060721901071?src=jobsearchDesk&sid=16316994776773056&xp=11&px=7
131,https://www.naukri.com/job-listings-sr-business-analyst-best-infosystems-ltd-pune-bangalore-bengaluru-7-to-12-years-020921908714?src=jobsearchDesk&sid=16316994776773056&xp=12&px=7
132,https://www.naukri.com/job-listings-senior-business-analyst-huquo-consulting-pvt-ltd-gurgaon-gurugram-bangalore-bengaluru-8-to-10-years-020921905078?src=jobsearchDesk&sid=16316994776773056&xp=13&px=7
133,https://www.naukri.com/job-listings-senior-business-analyst-sas-sql-huquo-consulting-pvt-ltd-bangalore-bengaluru-2-to-5-years-020621902390?src=jobsearchDesk&sid=16316994776773056&xp=14&px=7
134,https://www.naukri.com/job-listings-senior-lead-business-analyst-orcapod-consulting-services-private-limited-kochi-cochin-kolkata-nagpur-hyderabad-secunderabad-pune-chennai-coimbatore-bangalore-bengaluru-delhi-ncr-3-to-8-years-310821608340?src=jobsearchDesk&sid=16316994776773056&xp=15&px=7
135,https://www.naukri.com/job-listings-senior-business-analyst-sas-sql-huquo-consulting-pvt-ltd-bangalore-bengaluru-2-to-5-years-220721909394?src=jobsearchDesk&sid=16316994776773056&xp=16&px=7
136,https://www.naukri.com/job-listings-senior-business-analyst-sas-sql-banking-retail-domain-huquo-consulting-pvt-ltd-bangalore-bengaluru-2-to-5-years-010921904288?src=jobsearchDesk&sid=16316994776773056&xp=17&px=7
137,https://www.naukri.com/job-listings-business-analyst-perform-group-bangalore-bengaluru-2-to-5-years-310821500309?src=jobsearchDesk&sid=16316994776773056&xp=18&px=7
138,https://www.naukri.com/job-listings-business-analyst-analytics-consulting-tiger-analytics-tiger-analytics-india-llp-hyderabad-secunderabad-chennai-bangalore-bengaluru-1-to-3-years-280521002396?src=jobsearchDesk&sid=16316994776773056&xp=19&px=7
139,https://www.naukri.com/job-listings-business-analyst-tim-hortons-united-kingdom-bangalore-bengaluru-delhi-ncr-united-kingdom-uk-2-to-6-years-130821006790?src=jobsearchDesk&sid=16316994776773056&xp=20&px=7
140,https://www.naukri.com/job-listings-business-analyst-bilingual-spanish-required-suavis-india-software-services-private-limited-pune-bangalore-bengaluru-mumbai-all-areas-4-to-9-years-030921000150?src=jobsearchDesk&sid=16316994911372293&xp=1&px=8
141,https://www.naukri.com/job-listings-we-are-hiring-business-analyst-for-pune-and-bangalore-fis-global-business-solutions-india-pvt-ltd-pune-bangalore-bengaluru-4-to-9-years-020921007648?src=jobsearchDesk&sid=16316994911372293&xp=2&px=8
142,https://www.naukri.com/job-listings-business-analyst-encora-innovation-labs-india-private-limited-bangalore-bengaluru-10-to-15-years-310821907334?src=jobsearchDesk&sid=16316994911372293&xp=3&px=8
143,https://www.naukri.com/job-listings-business-analyst-nalashaa-solutions-india-pvt-ltd-bangalore-bengaluru-4-to-7-years-310821906782?src=jobsearchDesk&sid=16316994911372293&xp=4&px=8
144,https://www.naukri.com/job-listings-business-analyst-chaitanyahr-consultancy-bangalore-bengaluru-1-to-3-years-310821501046?src=jobsearchDesk&sid=16316994911372293&xp=5&px=8
145,https://www.naukri.com/job-listings-solution-consultant-business-analyst-salesforce-salesforce-bangalore-bengaluru-2-to-6-years-310821500903?src=jobsearchDesk&sid=16316994911372293&xp=6&px=8
146,https://www.naukri.com/job-listings-advanced-business-analyst-commercial-analytics-novo-nordisk-india-bangalore-bengaluru-4-to-9-years-310821500489?src=jobsearchDesk&sid=16316994911372293&xp=7&px=8
147,https://www.naukri.com/job-listings-business-analyst-cardinal-health-bangalore-bengaluru-6-to-9-years-310821009283?src=jobsearchDesk&sid=16316994911372293&xp=8&px=8
148,https://www.naukri.com/job-listings-business-analyst-xebia-it-architects-india-pvt-ltd-pune-gurgaon-gurugram-bangalore-bengaluru-6-to-11-years-310821008060?src=jobsearchDesk&sid=16316994911372293&xp=9&px=8
149,https://www.naukri.com/job-listings-business-analyst-cards-and-acquiring-issuing-abzer-technology-solutions-private-limited-kochi-cochin-bangalore-bengaluru-5-to-10-years-310821002404?src=jobsearchDesk&sid=16316994911372293&xp=10&px=8
150,https://www.naukri.com/job-listings-us-healthcare-business-analyst-gainwell-technologies-chennai-bangalore-bengaluru-7-to-12-years-260721002647?src=jobsearchDesk&sid=16316994911372293&xp=11&px=8
151,https://www.naukri.com/job-listings-e-commerce-business-analyst-nalli-silk-sarees-private-limited-bangalore-bengaluru-5-to-7-years-200521004217?src=jobsearchDesk&sid=16316994911372293&xp=12&px=8
152,https://www.naukri.com/job-listings-business-analyst-bi-dwh-majorel-india-private-limited-bangalore-bengaluru-mumbai-all-areas-6-to-11-years-190821004046?src=jobsearchDesk&sid=16316994911372293&xp=13&px=8
153,https://www.naukri.com/job-listings-smts-business-analyst-globalfoundries-engineering-private-limited-bangalore-bengaluru-12-to-17-years-070921907690?src=jobsearchDesk&sid=16316994911372293&xp=14&px=8
154,https://www.naukri.com/job-listings-business-analyst-navkiran-infotech-opc-private-limited-bangalore-bengaluru-1-to-4-years-070921007376?src=jobsearchDesk&sid=16316994911372293&xp=15&px=8
155,https://www.naukri.com/job-listings-business-analyst-tri-infotech-noida-mumbai-hyderabad-secunderabad-chennai-bangalore-bengaluru-1-to-2-years-060921500029?src=jobsearchDesk&sid=16316994911372293&xp=16&px=8
156,https://www.naukri.com/job-listings-oracle-fusion-digitalization-business-analyst-contractual-intech-creative-services-pvt-ltd-kolkata-hyderabad-secunderabad-pune-ahmedabad-chennai-bangalore-bengaluru-5-to-10-years-050921001028?src=jobsearchDesk&sid=16316994911372293&xp=17&px=8
157,https://www.naukri.com/job-listings-project-manager-business-analyst-np-immediate-15-days-visionet-systems-private-limited-bangalore-bengaluru-7-to-10-years-040921602963?src=jobsearchDesk&sid=16316994911372293&xp=18&px=8
158,https://www.naukri.com/job-listings-project-manager-business-analyst-np-immediate-15-days-visionet-systems-private-limited-bangalore-bengaluru-7-to-10-years-040921002961?src=jobsearchDesk&sid=16316994911372293&xp=19&px=8
159,https://www.naukri.com/job-listings-business-analyst-natwest-group-bangalore-bengaluru-4-to-8-years-030921907818?src=jobsearchDesk&sid=16316994911372293&xp=20&px=8
160,https://www.naukri.com/job-listings-associate-business-analyst-production-accounting-novo-nordisk-india-bangalore-bengaluru-3-to-8-years-030921500226?src=jobsearchDesk&sid=16316995017719848&xp=1&px=9
161,https://www.naukri.com/job-listings-business-analyst-empulse-research-and-data-analytics-i-pvt-ltd-mysore-mysuru-bangalore-bengaluru-1-to-5-years-030921005643?src=jobsearchDesk&sid=16316995017719848&xp=2&px=9
162,https://www.naukri.com/job-listings-excellent-opening-for-business-analyst-sandhata-technologies-pvt-ltd-hyderabad-secunderabad-bangalore-bengaluru-4-to-9-years-030921002596?src=jobsearchDesk&sid=16316995017719848&xp=3&px=9
163,https://www.naukri.com/job-listings-business-analyst-ant-work-mumbai-bangalore-bengaluru-5-to-8-years-020921501597?src=jobsearchDesk&sid=16316995017719848&xp=4&px=9
164,https://www.naukri.com/job-listings-business-analyst-morgan-stanley-advantage-services-pvt-ltd-bangalore-bengaluru-2-to-5-years-020921500771?src=jobsearchDesk&sid=16316995017719848&xp=5&px=9
165,https://www.naukri.com/job-listings-associate-business-analyst-cgi-information-systems-and-management-consultants-bangalore-bengaluru-10-to-14-years-010921907141?src=jobsearchDesk&sid=16316995017719848&xp=6&px=9
166,https://www.naukri.com/job-listings-business-analyst-optum-global-solutions-india-private-limited-bangalore-bengaluru-4-to-9-years-010921904680?src=jobsearchDesk&sid=16316995017719848&xp=7&px=9
167,https://www.naukri.com/job-listings-business-analyst-finance-treasury-execboardinasia-bangalore-bengaluru-5-to-10-years-010921500779?src=jobsearchDesk&sid=16316995017719848&xp=8&px=9
168,https://www.naukri.com/job-listings-business-analyst-ani-technologies-pvt-ltd-olacabs-bangalore-bengaluru-1-to-5-years-010921500422?src=jobsearchDesk&sid=16316995017719848&xp=9&px=9
169,https://www.naukri.com/job-listings-digital-business-analyst-hexaware-technologies-ltd-mumbai-pune-chennai-bangalore-bengaluru-10-to-14-years-010921500409?src=jobsearchDesk&sid=16316995017719848&xp=10&px=9
170,https://www.naukri.com/job-listings-business-analyst-can-join-in-less-than-30-days-ola-bangalore-bengaluru-2-to-4-years-010921008367?src=jobsearchDesk&sid=16316995017719848&xp=11&px=9
171,https://www.naukri.com/job-listings-business-analyst-capco-technologies-pvt-ltd-pune-bangalore-bengaluru-5-to-10-years-010921006523?src=jobsearchDesk&sid=16316995017719848&xp=12&px=9
172,https://www.naukri.com/job-listings-excellent-opportunity-for-business-analyst-in-bangalore-location-power-it-services-pvt-ltd-bangalore-bengaluru-4-to-9-years-010921000714?src=jobsearchDesk&sid=16316995017719848&xp=13&px=9
173,https://www.naukri.com/job-listings-business-analyst-nlp-machine-learning-exl-exl-services-com-i-pvt-ltd-hyderabad-secunderabad-pune-chennai-bangalore-bengaluru-delhi-ncr-5-to-9-years-010921000023?src=jobsearchDesk&sid=16316995017719848&xp=14&px=9
174,https://www.naukri.com/job-listings-business-analyst-etc-management-services-india-pvt-ltd-bangalore-bengaluru-0-to-1-years-090921001322?src=jobsearchDesk&sid=16316995017719848&xp=15&px=9
175,https://www.naukri.com/job-listings-senior-business-analyst-model-monitoring-kpo-huquo-consulting-pvt-ltd-gurgaon-gurugram-delhi-ncr-bangalore-bengaluru-1-to-2-years-260320903328?src=jobsearchDesk&sid=16316995017719848&xp=16&px=9
176,https://www.naukri.com/job-listings-senior-business-analyst-implementation-support-career-infosystem-bangalore-bengaluru-5-to-10-years-160620902663?src=jobsearchDesk&sid=16316995017719848&xp=17&px=9
177,https://www.naukri.com/job-listings-business-analyst-it-catalyst-bangalore-bengaluru-5-to-8-years-131020907467?src=jobsearchDesk&sid=16316995017719848&xp=18&px=9
178,https://www.naukri.com/job-listings-opportunity-sr-business-analyst-5-7-years-i-square-soft-hyderabad-secunderabad-bangalore-bengaluru-5-to-7-years-070921006925?src=jobsearchDesk&sid=16316995017719848&xp=19&px=9
179,https://www.naukri.com/job-listings-it-business-analyst-prime-infosoft-bangalore-bengaluru-2-to-4-years-030621902687?src=jobsearchDesk&sid=16316995017719848&xp=20&px=9
180,https://www.naukri.com/job-listings-senior-business-analyst-model-validation-huquo-consulting-pvt-ltd-gurgaon-gurugram-delhi-ncr-bangalore-bengaluru-3-to-5-years-200120905958?src=jobsearchDesk&sid=1631699512564996&xp=1&px=10
181,https://www.naukri.com/job-listings-business-analyst-csv-novo-nordisk-centre-india-pvt-ltd-bangalore-bengaluru-4-to-6-years-140921000827?src=jobsearchDesk&sid=1631699512564996&xp=2&px=10
182,https://www.naukri.com/job-listings-business-analyst-neudesic-technologies-pvt-ltd-kochi-cochin-kolkata-visakhapatnam-vizag-hyderabad-secunderabad-pune-bangalore-bengaluru-12-to-20-years-140920004301?src=jobsearchDesk&sid=1631699512564996&xp=3&px=10
183,https://www.naukri.com/job-listings-business-analyst-talent500-talent500-tech-india-private-limited-bangalore-bengaluru-1-to-3-years-130921001227?src=jobsearchDesk&sid=1631699512564996&xp=4&px=10
184,https://www.naukri.com/job-listings-business-analyst-peel-works-private-limited-bangalore-bengaluru-2-to-4-years-030921001201?src=jobsearchDesk&sid=1631699512564996&xp=5&px=10
185,https://www.naukri.com/job-listings-data-analyst-data-scientist-business-analytics-fresher-mnc-osc-gaba-consultancy-services-hyderabad-secunderabad-chennai-bangalore-bengaluru-0-to-0-years-140921000261?src=jobsearchDesk&sid=1631699512564996&xp=6&px=10
186,https://www.naukri.com/job-listings-financial-business-analyst-financial-domain-finance-wealthtech-independent-hr-consulting-bangalore-bengaluru-2-to-5-years-130721905419?src=jobsearchDesk&sid=1631699512564996&xp=7&px=10
187,https://www.naukri.com/job-listings-business-analyst-agile-methodologies-talent-placers-mumbai-pune-bangalore-bengaluru-5-to-10-years-010621902372?src=jobsearchDesk&sid=1631699512564996&xp=8&px=10
188,https://www.naukri.com/job-listings-big4-is-hiring-for-it-business-analyst-role-live-connections-placements-private-limited-kochi-cochin-bangalore-bengaluru-trivandrum-thiruvananthapuram-5-to-10-years-130921002255?src=jobsearchDesk&sid=1631699512564996&xp=9&px=10
189,https://www.naukri.com/job-listings-huge-opportunity-for-business-analyst-pm-big4-it-pan-india-talentico-consultancy-services-hyderabad-secunderabad-pune-gurgaon-gurugram-bangalore-bengaluru-7-to-12-years-140921001239?src=jobsearchDesk&sid=1631699512564996&xp=10&px=10
190,https://www.naukri.com/job-listings-business-analyst-upto-6-lpa-urgent-hiring-universal-manpower-online-bangalore-bengaluru-2-to-7-years-270121005096?src=jobsearchDesk&sid=1631699512564996&xp=11&px=10
191,https://www.naukri.com/job-listings-business-analyst-insurance-background-upto-6-lpa-universal-manpower-online-bangalore-bengaluru-3-to-8-years-211020007481?src=jobsearchDesk&sid=1631699512564996&xp=12&px=10
192,https://www.naukri.com/job-listings-business-analyst-coupa-bangalore-sal-upto-10-lpa-spark-consultancy-bangalore-bengaluru-2-to-7-years-250821010662?src=jobsearchDesk&sid=1631699512564996&xp=13&px=10
193,https://www.naukri.com/job-listings-business-analyst-coupa-bangalore-sal-upto-10-lpa-spark-consultancy-bangalore-bengaluru-2-to-7-years-250821010644?src=jobsearchDesk&sid=1631699512564996&xp=14&px=10
194,https://www.naukri.com/job-listings-business-analyst-banking-domain-pune-bangalore-uk-mnc-heylus-hr-pvt-ltd-pune-bangalore-bengaluru-9-to-14-years-070921000676?src=jobsearchDesk&sid=1631699512564996&xp=15&px=10
195,https://www.naukri.com/job-listings-business-analyst-growel-softech-pvt-ltd-hyderabad-secunderabad-pune-bangalore-bengaluru-4-to-6-years-050921000286?src=jobsearchDesk&sid=1631699512564996&xp=16&px=10
196,https://www.naukri.com/job-listings-business-analyst-e-commerce-industry-bangalore-hcapital-business-consulting-private-limited-bangalore-bengaluru-mumbai-all-areas-2-to-7-years-010921005919?src=jobsearchDesk&sid=1631699512564996&xp=17&px=10
197,https://www.naukri.com/job-listings-lead-business-analyst-coindcx-mumbai-bangalore-bengaluru-2-to-7-years-080921909502?src=jobsearchDesk&sid=1631699512564996&xp=18&px=10
198,https://www.naukri.com/job-listings-business-analyst-ispg-technologies-india-private-limited-kochi-cochin-bangalore-bengaluru-trivandrum-thiruvananthapuram-2-to-7-years-080921002185?src=jobsearchDesk&sid=1631699512564996&xp=19&px=10
199,https://www.naukri.com/job-listings-business-analyst-indecomm-global-services-bangalore-bengaluru-2-to-5-years-090921501334?src=jobsearchDesk&sid=1631699512564996&xp=20&px=10
200,https://www.naukri.com/job-listings-data-analyst-data-engineer-business-intelligence-digital-aptech-private-limited-kolkata-5-to-10-years-260721003966?src=jobsearchDesk&sid=16316995273019863&xp=1&px=11
201,https://www.naukri.com/job-listings-business-analyst-data-migration-talent-placers-pune-bangalore-bengaluru-7-to-12-years-290521902875?src=jobsearchDesk&sid=16316995273019863&xp=2&px=11
202,https://www.naukri.com/job-listings-business-analyst-at-paytm-one97-communications-limited-noida-mumbai-bangalore-bengaluru-0-to-5-years-230821004859?src=jobsearchDesk&sid=16316995273019863&xp=3&px=11
203,https://www.naukri.com/job-listings-bde-online-bidder-business-analyst-pre-sales-analyst-om-software-internet-solutions-private-limited-pune-bangalore-bengaluru-0-to-3-years-310821002602?src=jobsearchDesk&sid=16316995273019863&xp=4&px=11
204,https://www.naukri.com/job-listings-business-analyst-project-management-talent-placers-bangalore-bengaluru-5-to-7-years-310821901219?src=jobsearchDesk&sid=16316995273019863&xp=5&px=11
205,https://www.naukri.com/job-listings-liquidity-reporting-business-analyst-intellectual-capital-hr-consulting-pvt-ltd-mumbai-hyderabad-secunderabad-pune-chennai-bangalore-bengaluru-3-to-8-years-310521902145?src=jobsearchDesk&sid=16316995273019863&xp=6&px=11
206,https://www.naukri.com/job-listings-business-analyst-loan-origination-loan-servicing-domain-brace-infotech-private-limited-bangalore-bengaluru-6-to-11-years-280121906349?src=jobsearchDesk&sid=16316995273019863&xp=7&px=11
207,https://www.naukri.com/job-listings-lead-business-analyst-idexcel-technologies-private-limited-hyderabad-secunderabad-bangalore-bengaluru-8-to-13-years-270721002838?src=jobsearchDesk&sid=16316995273019863&xp=8&px=11
208,https://www.naukri.com/job-listings-business-analyst-mantras2success-consultants-bangalore-bengaluru-anywhere-in-india-3-to-5-years-250621902857?src=jobsearchDesk&sid=16316995273019863&xp=9&px=11
209,https://www.naukri.com/job-listings-business-analyst-model-monitoring-kpo-huquo-consulting-pvt-ltd-gurgaon-gurugram-delhi-ncr-bangalore-bengaluru-1-to-2-years-240521902745?src=jobsearchDesk&sid=16316995273019863&xp=10&px=11
210,https://www.naukri.com/job-listings-oracle-business-analyst-e2e-implementation-support-career-infosystem-bangalore-bengaluru-5-to-10-years-180321902480?src=jobsearchDesk&sid=16316995273019863&xp=11&px=11
211,https://www.naukri.com/job-listings-business-analyst-my-search-hyderabad-secunderabad-mysore-mysuru-chennai-bangalore-bengaluru-5-to-8-years-170721901436?src=jobsearchDesk&sid=16316995273019863&xp=12&px=11
212,https://www.naukri.com/job-listings-business-analyst-p-c-insurance-domain-huquo-consulting-pvt-ltd-bangalore-bengaluru-3-to-7-years-120321900164?src=jobsearchDesk&sid=16316995273019863&xp=13&px=11
213,https://www.naukri.com/job-listings-business-analyst-banking-domain-independent-hr-consulting-bangalore-bengaluru-6-to-8-years-100721902164?src=jobsearchDesk&sid=16316995273019863&xp=14&px=11
214,https://www.naukri.com/job-listings-business-analyst-pros-and-pawns-hr-consultants-bangalore-bengaluru-3-to-8-years-070921908303?src=jobsearchDesk&sid=16316995273019863&xp=15&px=11
215,https://www.naukri.com/job-listings-business-analyst-successr-hr-tech-pvt-ltd-hyderabad-secunderabad-bangalore-bengaluru-5-to-9-years-070921902806?src=jobsearchDesk&sid=16316995273019863&xp=16&px=11
216,https://www.naukri.com/job-listings-lead-business-analyst-insurance-domain-huquo-consulting-pvt-ltd-bangalore-bengaluru-6-to-10-years-070621902992?src=jobsearchDesk&sid=16316995273019863&xp=17&px=11
217,https://www.naukri.com/job-listings-business-analyst-p-c-insurance-domain-huquo-consulting-pvt-ltd-bangalore-bengaluru-3-to-7-years-040621904212?src=jobsearchDesk&sid=16316995273019863&xp=18&px=11
218,https://www.naukri.com/job-listings-business-analyst-transformation-bfs-new-era-india-bangalore-bengaluru-8-to-12-years-020921902256?src=jobsearchDesk&sid=16316995273019863&xp=19&px=11
219,https://www.naukri.com/job-listings-business-analyst-promotup-hr-solutions-bangalore-bengaluru-4-to-6-years-020921900594?src=jobsearchDesk&sid=16316995273019863&xp=20&px=11
220,https://www.naukri.com/job-listings-finance-change-business-analyst-intellectual-capital-hr-consulting-pvt-ltd-mumbai-hyderabad-secunderabad-pune-chennai-bangalore-bengaluru-8-to-10-years-020621905288?src=jobsearchDesk&sid=16316995519109215&xp=1&px=12
221,https://www.naukri.com/job-listings-regulatory-business-analyst-bfs-serving-skill-mumbai-chennai-bangalore-bengaluru-4-to-8-years-011220905944?src=jobsearchDesk&sid=16316995519109215&xp=2&px=12
222,https://www.naukri.com/job-listings-senior-business-analyst-indegene-private-limited-bangalore-bengaluru-0-to-7-years-230821500574?src=jobsearchDesk&sid=16316995519109215&xp=3&px=12
223,https://www.naukri.com/job-listings-business-analyst-sr-business-analyst-tekfortune-inc-bangalore-bengaluru-0-to-5-years-190721501608?src=jobsearchDesk&sid=16316995519109215&xp=4&px=12
224,https://www.naukri.com/job-listings-on-contract-agile-business-analyst-masadir-hr-services-private-limited-bangalore-bengaluru-6-to-9-years-200821001409?src=jobsearchDesk&sid=16316995519109215&xp=5&px=12
225,https://www.naukri.com/job-listings-business-analyst-erm-placement-services-p-ltd-kolkata-bangalore-bengaluru-mumbai-all-areas-3-to-6-years-310821003006?src=jobsearchDesk&sid=16316995519109215&xp=6&px=12
226,https://www.naukri.com/job-listings-business-analyst-us-healthcare-bangalore-infomerica-india-pvt-ltd-bangalore-bengaluru-5-to-10-years-290721003353?src=jobsearchDesk&sid=16316995519109215&xp=7&px=12
227,https://www.naukri.com/job-listings-business-analyst-l-a-consultancy-kochi-cochin-chennai-bangalore-bengaluru-2-to-5-years-170620900945?src=jobsearchDesk&sid=16316995519109215&xp=8&px=12
228,https://www.naukri.com/job-listings-salesforce-business-analyst-crm-solutions-career-infosystem-bangalore-bengaluru-5-to-8-years-080120906406?src=jobsearchDesk&sid=16316995519109215&xp=9&px=12
229,https://www.naukri.com/job-listings-servicenow-business-analyst-contract-to-hire-pan-india-sydata-consulting-india-pvt-ltd-hyderabad-secunderabad-chennai-bangalore-bengaluru-3-to-8-years-020921607253?src=jobsearchDesk&sid=16316995519109215&xp=10&px=12
230,https://www.naukri.com/job-listings-servicenow-business-analyst-contract-to-hire-pan-india-sydata-consulting-india-pvt-ltd-hyderabad-secunderabad-chennai-bangalore-bengaluru-3-to-8-years-020921007251?src=jobsearchDesk&sid=16316995519109215&xp=11&px=12
231,https://www.naukri.com/job-listings-vice-president-associate-vice-president-business-analyst-hexagon-executive-search-private-limited-pune-bangalore-bengaluru-10-to-20-years-010921607600?src=jobsearchDesk&sid=16316995519109215&xp=12&px=12
232,https://www.naukri.com/job-listings-vice-president-associate-vice-president-business-analyst-hexagon-executive-search-private-limited-pune-bangalore-bengaluru-10-to-20-years-010921007598?src=jobsearchDesk&sid=16316995519109215&xp=13&px=12
233,https://www.naukri.com/job-listings-senior-analyst-it-business-systems-analyst-sap-business-services-serving-skill-bangalore-bengaluru-3-to-8-years-150621908277?src=jobsearchDesk&sid=16316995519109215&xp=14&px=12
234,https://www.naukri.com/job-listings-business-system-analyst-sr-talent21-management-shared-services-private-limited-bangalore-bengaluru-5-to-9-years-130921500595?src=jobsearchDesk&sid=16316995519109215&xp=15&px=12
235,https://www.naukri.com/job-listings-business-analyst-delhi-bangalore-chennai-archangel-hr-solutions-bangalore-bengaluru-0-to-5-years-050921000025?src=jobsearchDesk&sid=16316995519109215&xp=16&px=12
236,https://www.naukri.com/job-listings-business-analyst-freigh-foward-liner-in-shipping-domain-bangalore-quantum-bso-tech-private-limited-bangalore-bengaluru-3-to-8-years-090921004582?src=jobsearchDesk&sid=16316995519109215&xp=17&px=12
237,https://www.naukri.com/job-listings-business-analyst-eyne-tech-services-private-limited-kochi-cochin-bangalore-bengaluru-1-to-3-years-040821002814?src=jobsearchDesk&sid=16316995519109215&xp=18&px=12
238,https://www.naukri.com/job-listings-business-systems-analyst-ppd-pharmaceutical-development-india-private-limit-bangalore-bengaluru-3-to-5-years-020921000736?src=jobsearchDesk&sid=16316995519109215&xp=19&px=12
239,https://www.naukri.com/job-listings-senior-business-analyst-data-engineer-python-aws-sql-huquo-consulting-pvt-ltd-bangalore-bengaluru-3-to-6-years-100921901138?src=jobsearchDesk&sid=16316995519109215&xp=20&px=12
240,https://www.naukri.com/job-listings-senior-business-analyst-analytics-consultant-cpg-notus-services-private-limited-bangalore-bengaluru-3-to-8-years-010921008543?src=jobsearchDesk&sid=16316995601149630&xp=1&px=13
241,https://www.naukri.com/job-listings-senior-associate-business-analyst-mphasis-limited-bangalore-bengaluru-3-to-8-years-300821901111?src=jobsearchDesk&sid=16316995601149630&xp=2&px=13
242,https://www.naukri.com/job-listings-senior-business-analyst-flipkart-internet-private-limited-bangalore-bengaluru-3-to-5-years-300821008808?src=jobsearchDesk&sid=16316995601149630&xp=3&px=13
243,https://www.naukri.com/job-listings-senior-talent-management-systems-business-analyst-aecom-india-private-limited-bangalore-bengaluru-4-to-6-years-160821903992?src=jobsearchDesk&sid=16316995601149630&xp=4&px=13
244,https://www.naukri.com/job-listings-business-analyst-msg-global-solutions-bangalore-bengaluru-0-to-3-years-220721501661?src=jobsearchDesk&sid=16316995601149630&xp=5&px=13
245,https://www.naukri.com/job-listings-immediate-opportunity-for-business-analyst-virtusa-consulting-services-pvt-ltd-hyderabad-secunderabad-pune-chennai-bangalore-bengaluru-4-to-9-years-160821003886?src=jobsearchDesk&sid=16316995601149630&xp=6&px=13
246,https://www.naukri.com/job-listings-business-analyst-for-the-client-location-softlogique-it-solutions-pvt-ltd-bangalore-bengaluru-delhi-ncr-mumbai-all-areas-4-to-9-years-110921601447?src=jobsearchDesk&sid=16316995601149630&xp=7&px=13
247,https://www.naukri.com/job-listings-business-analyst-quality-engineering-software-technologies-pvt-ltd-bangalore-bengaluru-2-to-5-years-100921501176?src=jobsearchDesk&sid=16316995601149630&xp=8&px=13
248,https://www.naukri.com/job-listings-business-analyst-mouri-tech-pvt-ltd-hyderabad-secunderabad-bangalore-bengaluru-6-to-10-years-090921901606?src=jobsearchDesk&sid=16316995601149630&xp=9&px=13
249,https://www.naukri.com/job-listings-business-analyst-ii-system-operations-novo-nordisk-india-bangalore-bengaluru-3-to-8-years-090921501953?src=jobsearchDesk&sid=16316995601149630&xp=10&px=13
250,https://www.naukri.com/job-listings-business-analyst-novo-nordisk-india-bangalore-bengaluru-2-to-4-years-090921501688?src=jobsearchDesk&sid=16316995601149630&xp=11&px=13
251,https://www.naukri.com/job-listings-business-analyst-qa-analyst-banking-domain-oracle-india-pvt-ltd-bangalore-bengaluru-6-to-11-years-070921006564?src=jobsearchDesk&sid=16316995601149630&xp=12&px=13
252,https://www.naukri.com/job-listings-business-analyst-shell-india-markets-private-limited-bangalore-bengaluru-10-to-15-years-070921906621?src=jobsearchDesk&sid=16316995601149630&xp=13&px=13
253,https://www.naukri.com/job-listings-immediate-requirement-for-business-analyst-genpact-india-private-limited-hyderabad-secunderabad-chennai-bangalore-bengaluru-delhi-ncr-3-to-7-years-070921001238?src=jobsearchDesk&sid=16316995601149630&xp=14&px=13
254,https://www.naukri.com/job-listings-aem-business-analyst-it-scient-consulting-private-limited-bangalore-bengaluru-5-to-10-years-130721006937?src=jobsearchDesk&sid=16316995601149630&xp=15&px=13
255,https://www.naukri.com/job-listings-it-business-analyst-calpion-software-technologies-pvt-ltd-coimbatore-bangalore-bengaluru-3-to-8-years-230821008363?src=jobsearchDesk&sid=16316995601149630&xp=16&px=13
256,https://www.naukri.com/job-listings-senior-business-analyst-advanced-computer-software-bangalore-bengaluru-2-to-5-years-200721501453?src=jobsearchDesk&sid=16316995601149630&xp=17&px=13
257,https://www.naukri.com/job-listings-senior-business-analyst-trigent-software-private-limited-bangalore-bengaluru-5-to-10-years-190721601597?src=jobsearchDesk&sid=16316995601149630&xp=18&px=13
258,https://www.naukri.com/job-listings-senior-business-analyst-ramco-systems-mumbai-chennai-gurgaon-gurugram-bangalore-bengaluru-4-to-8-years-170621500740?src=jobsearchDesk&sid=16316995601149630&xp=19&px=13
259,https://www.naukri.com/job-listings-senior-business-analyst-alm-ftp-irr-luxoft-bangalore-bengaluru-4-to-6-years-120821501306?src=jobsearchDesk&sid=16316995601149630&xp=20&px=13
260,https://www.naukri.com/job-listings-business-analyst-upto-6-lpa-urgent-hiring-universal-manpower-online-bangalore-bengaluru-3-to-5-years-211020007500?src=jobsearchDesk&sid=16316995993911799&xp=1&px=14
261,https://www.naukri.com/job-listings-consultant-business-analyst-synergy-consultants-bangalore-bengaluru-2-to-6-years-080921003470?src=jobsearchDesk&sid=16316995993911799&xp=2&px=14
262,https://www.naukri.com/job-listings-business-analyst-for-client-location-softlogique-it-solutions-pvt-ltd-pune-gurgaon-gurugram-bangalore-bengaluru-9-to-14-years-180821009551?src=jobsearchDesk&sid=16316995993911799&xp=3&px=14
263,https://www.naukri.com/job-listings-business-analyst-vaps-technosoft-pvt-ltd-bangalore-bengaluru-1-to-4-years-130221001308?src=jobsearchDesk&sid=16316995993911799&xp=4&px=14
264,https://www.naukri.com/job-listings-lead-analyst-sox-business-svb-global-services-india-llp-bangalore-bengaluru-6-to-9-years-060921010079?src=jobsearchDesk&sid=16316995993911799&xp=5&px=14
265,https://www.naukri.com/job-listings-technical-business-analyst-wipro-limited-bangalore-bengaluru-11-to-15-years-180821004751?src=jobsearchDesk&sid=16316995993911799&xp=6&px=14
266,https://www.naukri.com/job-listings-hiring-technical-business-analysts-who-has-experience-with-sql-and-dw-hexaware-technologies-ltd-pune-chennai-bangalore-bengaluru-mumbai-all-areas-9-to-14-years-020721000427?src=jobsearchDesk&sid=16316995993911799&xp=7&px=14
267,https://www.naukri.com/job-listings-senior-business-analyst-it-t-a-solutions-bengaluru-bangalore-7-to-9-years-281220500443?src=jobsearchDesk&sid=16316995993911799&xp=8&px=14
268,https://www.naukri.com/job-listings-senior-it-business-analyst-requirements-engineer-in-it-innoveo-chennai-bangalore-bengaluru-6-to-10-years-090721500182?src=jobsearchDesk&sid=16316995993911799&xp=9&px=14
269,https://www.naukri.com/job-listings-it-business-process-analyst-iii-teva-pharmaceuticals-bangalore-bengaluru-5-to-10-years-080921501192?src=jobsearchDesk&sid=16316995993911799&xp=10&px=14
270,https://www.naukri.com/job-listings-senior-business-analyst-analytics-tredence-analytics-solutions-private-limited-gurgaon-gurugram-chennai-bangalore-bengaluru-2-to-5-years-290721005511?src=jobsearchDesk&sid=16316995993911799&xp=11&px=14
271,https://www.naukri.com/job-listings-senior-business-analyst-cervello-india-private-limited-bangalore-bengaluru-4-to-8-years-260821010948?src=jobsearchDesk&sid=16316995993911799&xp=12&px=14
272,https://www.naukri.com/job-listings-senior-business-analyst-harman-connected-services-corporation-india-pvt-bangalore-bengaluru-4-to-9-years-120721501874?src=jobsearchDesk&sid=16316995993911799&xp=13&px=14
273,https://www.naukri.com/job-listings-functional-consultant-business-analyst-retail-domain-umano-consulting-pvt-ltd-bangalore-bengaluru-1-to-4-years-080921007652?src=jobsearchDesk&sid=16316995993911799&xp=14&px=14
274,https://www.naukri.com/job-listings-opening-business-analyst-banking-fintech-bangalore-location-network-people-services-technologies-limited-bangalore-bengaluru-3-to-4-years-160821009565?src=jobsearchDesk&sid=16316995993911799&xp=15&px=14
275,https://www.naukri.com/job-listings-functional-consultant-ms-dynamics-crm-business-analyst-indegene-private-limited-bangalore-bengaluru-4-to-6-years-130821004911?src=jobsearchDesk&sid=16316995993911799&xp=16&px=14
276,https://www.naukri.com/job-listings-business-analyst-xiphias-software-technologies-pvt-ltd-bengaluru-bangalore-0-to-3-years-020915501255?src=jobsearchDesk&sid=16316995993911799&xp=17&px=14
277,https://www.naukri.com/job-listings-business-analyst-wisemonk-bengaluru-bangalore-0-to-2-years-251120500259?src=jobsearchDesk&sid=16316995993911799&xp=18&px=14
278,https://www.naukri.com/job-listings-business-analyst-u3-infotech-bangalore-bengaluru-delhi-ncr-4-to-8-years-240821910537?src=jobsearchDesk&sid=16316995993911799&xp=19&px=14
279,https://www.naukri.com/job-listings-internship-for-business-analyst-indsac-softech-bangalore-bengaluru-0-to-2-years-230821500874?src=jobsearchDesk&sid=16316995993911799&xp=20&px=14
280,https://www.naukri.com/job-listings-business-analyst-quacquarelli-symonds-bangalore-bengaluru-0-to-2-years-190721500593?src=jobsearchDesk&sid=16316996153412458&xp=1&px=15
281,https://www.naukri.com/job-listings-business-analyst-cochin-bangalore-calicut-ceino-technologies-pvt-ltd-ernakulam-kochi-cochin-kozhikode-calicut-bengaluru-bangalore-0-to-2-years-180717503027?src=jobsearchDesk&sid=16316996153412458&xp=2&px=15
282,https://www.naukri.com/job-listings-great-opportunity-as-a-business-analyst-allegis-services-india-pvt-ltd-bangalore-bengaluru-3-to-5-years-160821000907?src=jobsearchDesk&sid=16316996153412458&xp=3&px=15
283,https://www.naukri.com/job-listings-internship-for-business-analyst-indsac-softech-bengaluru-bangalore-0-to-0-years-120620500663?src=jobsearchDesk&sid=16316996153412458&xp=4&px=15
284,https://www.naukri.com/job-listings-business-analyst-arokia-it-pvt-limited-bangalore-bengaluru-0-to-2-years-110621500707?src=jobsearchDesk&sid=16316996153412458&xp=5&px=15
285,https://www.naukri.com/job-listings-business-analyst-appsource-services-private-limited-bangalore-bengaluru-0-to-3-years-101020500371?src=jobsearchDesk&sid=16316996153412458&xp=6&px=15
286,https://www.naukri.com/job-listings-associate-business-analyst-internship-faveo-helpdesk-software-faveo-helpdesk-bengaluru-bangalore-0-to-1-years-070219501714?src=jobsearchDesk&sid=16316996153412458&xp=7&px=15
287,https://www.naukri.com/job-listings-business-systems-analyst-2-publicis-groupe-bangalore-bengaluru-3-to-5-years-030921500734?src=jobsearchDesk&sid=16316996153412458&xp=8&px=15
288,https://www.naukri.com/job-listings-manager-business-systems-analyst-publicis-groupe-bangalore-bengaluru-12-to-14-years-070921501336?src=jobsearchDesk&sid=16316996153412458&xp=9&px=15
289,https://www.naukri.com/job-listings-business-analyst-xiphias-software-technologies-pvt-ltd-bengaluru-bangalore-bengaluru-bangalore-0-to-3-years-170715502270?src=jobsearchDesk&sid=16316996153412458&xp=10&px=15
290,https://www.naukri.com/job-listings-process-specialist-invoice-to-pay-business-relations-analyst-10-12yr-cargill-business-services-india-private-limited-bangalore-bengaluru-10-to-13-years-020921000871?src=jobsearchDesk&sid=16316996153412458&xp=11&px=15
291,https://www.naukri.com/job-listings-senior-technical-business-analyst-cba-services-private-limited-bangalore-bengaluru-3-to-7-years-240821500385?src=jobsearchDesk&sid=16316996153412458&xp=12&px=15
292,https://www.naukri.com/job-listings-technical-business-analyst-ave-promagne-bangalore-bengaluru-3-to-6-years-200821907097?src=jobsearchDesk&sid=16316996153412458&xp=13&px=15
293,https://www.naukri.com/job-listings-business-analyst-technical-functional-fractal-analytics-ltd-mumbai-gurgaon-gurugram-bangalore-bengaluru-2-to-5-years-260621500236?src=jobsearchDesk&sid=16316996153412458&xp=14&px=15
294,https://www.naukri.com/job-listings-senior-business-analyst-crm-analytics-quotient-bengaluru-bangalore-8-to-12-years-301118502104?src=jobsearchDesk&sid=16316996153412458&xp=15&px=15
295,https://www.naukri.com/job-listings-senior-business-analyst-msg-global-solutions-bangalore-bengaluru-7-to-11-years-220721501662?src=jobsearchDesk&sid=16316996153412458&xp=16&px=15
296,https://www.naukri.com/job-listings-senior-business-analyst-msg-global-solutions-bangalore-bengaluru-4-to-6-years-220721501606?src=jobsearchDesk&sid=16316996153412458&xp=17&px=15
297,https://www.naukri.com/job-listings-senior-business-analyst-odessa-technologies-bengaluru-bangalore-4-to-8-years-120321500170?src=jobsearchDesk&sid=16316996153412458&xp=18&px=15
298,https://www.naukri.com/job-listings-sr-business-analyst-odessa-technologies-bangalore-bengaluru-5-to-8-years-070721501269?src=jobsearchDesk&sid=16316996153412458&xp=19&px=15
299,https://www.naukri.com/job-listings-business-analyst-urgently-required-nobreza-consulting-private-limited-mumbai-bangalore-bengaluru-4-to-9-years-120521007514?src=jobsearchDesk&sid=16316996153412458&xp=20&px=15
300,https://www.naukri.com/job-listings-business-analyst-foces-staffing-private-limited-kolkata-hyderabad-secunderabad-pune-ahmedabad-chennai-bangalore-bengaluru-delhi-ncr-mumbai-all-areas-0-to-5-years-140921003654?src=jobsearchDesk&sid=1631699630829459&xp=1&px=16
301,https://www.naukri.com/job-listings-analyst-4-business-applications-western-digital-bangalore-bengaluru-2-to-5-years-130921500874?src=jobsearchDesk&sid=1631699630829459&xp=2&px=16
302,https://www.naukri.com/job-listings-business-analyst-home-interior-design-e-commerce-pvt-ltd-bangalore-bengaluru-2-to-4-years-060921009126?src=jobsearchDesk&sid=1631699630829459&xp=3&px=16
303,https://www.naukri.com/job-listings-analyst-4-business-applications-western-digital-bangalore-bengaluru-2-to-5-years-130921500873?src=jobsearchDesk&sid=1631699630829459&xp=4&px=16
304,https://www.naukri.com/job-listings-software-technologist-i-data-business-analyst-philips-india-limited-bangalore-bengaluru-3-to-6-years-250621500395?src=jobsearchDesk&sid=1631699630829459&xp=5&px=16
305,https://www.naukri.com/job-listings-guidewire-data-business-analyst-cadmaxx-solutions-pvt-ltd-bangalore-bengaluru-5-to-7-years-070921003778?src=jobsearchDesk&sid=1631699630829459&xp=6&px=16
306,https://www.naukri.com/job-listings-lead-business-analyst-sutherland-global-services-inc-bangalore-bengaluru-4-to-9-years-060821500820?src=jobsearchDesk&sid=1631699630829459&xp=7&px=16
307,https://www.naukri.com/job-listings-business-analyst-fintech-domain-experience-spm-hr-solutions-bangalore-bengaluru-3-to-5-years-090921002503?src=jobsearchDesk&sid=1631699630829459&xp=8&px=16
308,https://www.naukri.com/job-listings-business-analyst-talent-corner-hr-services-pvt-ltd-pune-chennai-bangalore-bengaluru-7-to-12-years-090921001102?src=jobsearchDesk&sid=1631699630829459&xp=9&px=16
309,https://www.naukri.com/job-listings-business-analyst-strategic-talent-partner-llp-hyderabad-secunderabad-pune-bangalore-bengaluru-4-to-9-years-080921006695?src=jobsearchDesk&sid=1631699630829459&xp=10&px=16
310,https://www.naukri.com/job-listings-we-are-hiring-business-analyst-quick-joiners-can-apply-mindtree-limited-hyderabad-secunderabad-pune-chennai-bangalore-bengaluru-10-to-14-years-260721008340?src=jobsearchDesk&sid=1631699630829459&xp=11&px=16
311,https://www.naukri.com/job-listings-business-analyst-crm-capgemini-technology-services-india-limited-bangalore-bengaluru-6-to-9-years-190821904809?src=jobsearchDesk&sid=1631699630829459&xp=12&px=16
312,https://www.naukri.com/job-listings-business-analyst-coupa-bangalore-11lpa-imaginators-try-going-beyond-bangalore-bengaluru-5-to-10-years-310821006515?src=jobsearchDesk&sid=1631699630829459&xp=13&px=16
313,https://www.naukri.com/job-listings-business-analyst-mphasis-limited-bangalore-bengaluru-14-to-20-years-300821902334?src=jobsearchDesk&sid=1631699630829459&xp=14&px=16
314,https://www.naukri.com/job-listings-business-analyst-mphasis-limited-bangalore-bengaluru-14-to-24-years-300821902333?src=jobsearchDesk&sid=1631699630829459&xp=15&px=16
315,https://www.naukri.com/job-listings-regional-applications-business-analyst-aecom-india-private-limited-bangalore-bengaluru-5-to-8-years-300821901957?src=jobsearchDesk&sid=1631699630829459&xp=16&px=16
316,https://www.naukri.com/job-listings-hiring-for-business-analyst-domain-tech-mahindra-ltd-pune-chennai-bangalore-bengaluru-5-to-10-years-290721011740?src=jobsearchDesk&sid=1631699630829459&xp=17&px=16
317,https://www.naukri.com/job-listings-business-analyst-flipkart-internet-private-limited-bangalore-bengaluru-1-to-2-years-270821006694?src=jobsearchDesk&sid=1631699630829459&xp=18&px=16
318,https://www.naukri.com/job-listings-business-analyst-finance-philips-india-limited-bangalore-bengaluru-2-to-6-years-260721501077?src=jobsearchDesk&sid=1631699630829459&xp=19&px=16
319,https://www.naukri.com/job-listings-business-analyst-shell-india-markets-private-limited-bangalore-bengaluru-5-to-10-years-250621501911?src=jobsearchDesk&sid=1631699630829459&xp=20&px=16
320,https://www.naukri.com/job-listings-business-analyst-senior-business-analyst-think-and-learn-private-limited-bangalore-bengaluru-1-to-5-years-260721008005?src=jobsearchDesk&sid=16316996989178535&xp=1&px=19
321,https://www.naukri.com/job-listings-senior-business-analyst-sun-technology-integrators-private-limited-bengaluru-bangalore-kerala-3-to-8-years-241220501278?src=jobsearchDesk&sid=16316996989178535&xp=2&px=19
322,https://www.naukri.com/job-listings-senior-business-analyst-manufacturing-domain-thoughtfocus-information-technologies-pvt-limited-bangalore-bengaluru-5-to-8-years-240820004735?src=jobsearchDesk&sid=16316996989178535&xp=3&px=19
323,https://www.naukri.com/job-listings-senior-business-analyst-ani-technologies-pvt-ltd-olacabs-bangalore-bengaluru-4-to-6-years-230821501728?src=jobsearchDesk&sid=16316996989178535&xp=4&px=19
324,https://www.naukri.com/job-listings-senior-business-analyst-clarivate-analytics-bangalore-bengaluru-2-to-5-years-230721501144?src=jobsearchDesk&sid=16316996989178535&xp=5&px=19
325,https://www.naukri.com/job-listings-senior-business-analyst-clarivate-analytics-trcpl-projects-pvt-ltd-bangalore-bengaluru-2-to-4-years-230721500049?src=jobsearchDesk&sid=16316996989178535&xp=6&px=19
326,https://www.naukri.com/job-listings-senior-business-analyst-execboardinasia-bangalore-bengaluru-5-to-10-years-230621500676?src=jobsearchDesk&sid=16316996989178535&xp=7&px=19
327,https://www.naukri.com/job-listings-murex-mo-sr-business-analyst-risk-management-pentagon-consultancy-services-bengaluru-bangalore-10-to-15-years-230617502751?src=jobsearchDesk&sid=16316996989178535&xp=8&px=19
328,https://www.naukri.com/job-listings-senior-netsuite-business-analyst-freshdesk-bangalore-bengaluru-3-to-7-years-210521501164?src=jobsearchDesk&sid=16316996989178535&xp=9&px=19
329,https://www.naukri.com/job-listings-senior-business-analyst-business-intelligence-execboardinasia-bangalore-bengaluru-5-to-10-years-210521501135?src=jobsearchDesk&sid=16316996989178535&xp=10&px=19
330,https://www.naukri.com/job-listings-senior-business-analyst-bloom-consulting-services-bengaluru-bangalore-2-to-5-years-201218500484?src=jobsearchDesk&sid=16316996989178535&xp=11&px=19
331,https://www.naukri.com/job-listings-senior-business-analyst-cgi-information-systems-and-management-consultants-bangalore-bengaluru-3-to-5-years-200821903411?src=jobsearchDesk&sid=16316996989178535&xp=12&px=19
332,https://www.naukri.com/job-listings-senior-business-analyst-eurofins-it-solutions-india-pvt-ltd-bangalore-bengaluru-6-to-10-years-200821500442?src=jobsearchDesk&sid=16316996989178535&xp=13&px=19
333,https://www.naukri.com/job-listings-sr-business-analyst-esko-india-bangalore-bengaluru-8-to-13-years-190821500498?src=jobsearchDesk&sid=16316996989178535&xp=14&px=19
334,https://www.naukri.com/job-listings-sr-business-analyst-danaher-corporation-bangalore-bengaluru-8-to-13-years-190821500222?src=jobsearchDesk&sid=16316996989178535&xp=15&px=19
335,https://www.naukri.com/job-listings-senior-business-analyst-ani-technologies-pvt-ltd-olacabs-bangalore-bengaluru-2-to-6-years-160621501224?src=jobsearchDesk&sid=16316996989178535&xp=16&px=19
336,https://www.naukri.com/job-listings-senior-business-analyst-community-glance-it-solution-bengaluru-bangalore-1-to-2-years-160321500321?src=jobsearchDesk&sid=16316996989178535&xp=17&px=19
337,https://www.naukri.com/job-listings-senior-business-analyst-heartface-bengaluru-bangalore-1-to-3-years-160121500134?src=jobsearchDesk&sid=16316996989178535&xp=18&px=19
338,https://www.naukri.com/job-listings-sr-business-analyst-new-era-consulting-services-pvt-ltd-bengaluru-bangalore-1-to-6-years-151117502331?src=jobsearchDesk&sid=16316996989178535&xp=19&px=19
339,https://www.naukri.com/job-listings-senior-business-analyst-pp-qm-osborn-lippert-india-pvt-ltd-bangalore-bengaluru-10-to-15-years-140821002971?src=jobsearchDesk&sid=16316996989178535&xp=20&px=19
